<?xml version="1.0" encoding="UTF-8" standalone="yes"?>
<addon id="repository.Mickey Repo" name="Mickey repo" version="1.0" provider-name="mickey">
	<extension point="xbmc.addon.repository" name="Mickey Repo">
		<dir>
			<info compressed="false">http://mickeykodi.atspace.eu/addon.xml</info>
			<checksum>http://mickeykodi.atspace.eu/addon.xml.md5</checksum>
			<datadir zip="true">https://drive.google.com/open?id=1FACTJRyHTd5VNTCwHqgrIm7LZUwqwQ9l</datadir>
		</dir>
		<dir>
        <info compressed="false">https://raw.githubusercontent.com/jsergio123/zips/master/addons.xml</info>
        <checksum>https://raw.githubusercontent.com/jsergio123/zips/master/addons.xml.md5</checksum>
        <datadir zip="true">https://raw.githubusercontent.com/jsergio123/zips/master/</datadir>
		</dir>
	</extension>
	<extension point="xbmc.addon.metadata">
		<summary lang="en"> mickey addons repository</summary>
		<description lang="en">mickey addons repository</description>
		<genre></genre>
	</extension>
</addon>